Source;Target;Type;Id;Weight
0;136;Undirected;0;1
0;154;Undirected;1;1
0;109;Undirected;2;1
0;50;Undirected;3;1
0;80;Undirected;4;1
0;130;Undirected;5;1
0;41;Undirected;6;1
1;61;Undirected;7;1
1;50;Undirected;8;1
1;36;Undirected;9;1
2;136;Undirected;10;1
2;105;Undirected;11;1
2;154;Undirected;12;1
2;50;Undirected;13;1
2;152;Undirected;14;1
2;80;Undirected;15;1
2;41;Undirected;16;1
3;104;Undirected;17;1
3;50;Undirected;18;1
4;136;Undirected;19;1
4;154;Undirected;20;1
4;70;Undirected;21;1
4;132;Undirected;22;1
4;80;Undirected;23;1
4;168;Undirected;24;1
4;41;Undirected;25;1
5;217;Undirected;26;1
5;130;Undirected;27;1
6;38;Undirected;28;1
6;50;Undirected;29;1
7;173;Undirected;30;1
7;177;Undirected;31;1
7;118;Undirected;32;1
8;136;Undirected;33;1
8;154;Undirected;34;1
8;53;Undirected;35;1
8;50;Undirected;36;1
9;105;Undirected;37;1
9;154;Undirected;38;1
9;84;Undirected;39;1
9;106;Undirected;40;1
9;128;Undirected;41;1
9;50;Undirected;42;1
9;152;Undirected;43;1
9;130;Undirected;44;1
9;41;Undirected;45;1
9;136;Undirected;46;1
9;70;Undirected;47;1
9;80;Undirected;48;1
9;141;Undirected;49;1
10;105;Undirected;50;1
10;136;Undirected;51;1
10;25;Undirected;52;1
10;61;Undirected;53;1
10;70;Undirected;54;1
10;223;Undirected;55;1
10;50;Undirected;56;1
10;80;Undirected;57;1
10;8;Undirected;58;1
10;130;Undirected;59;1
10;133;Undirected;60;1
10;41;Undirected;61;1
11;192;Undirected;62;1
11;84;Undirected;63;1
11;96;Undirected;64;1
11;106;Undirected;65;1
11;50;Undirected;66;1
11;48;Undirected;67;1
11;68;Undirected;68;1
11;130;Undirected;69;1
11;41;Undirected;70;1
11;136;Undirected;71;1
11;78;Undirected;72;1
11;191;Undirected;73;1
11;70;Undirected;74;1
11;30;Undirected;75;1
12;50;Undirected;76;1
12;204;Undirected;77;1
13;81;Undirected;78;1
13;179;Undirected;79;1
13;130;Undirected;80;1
14;159;Undirected;81;1
14;172;Undirected;82;1
14;120;Undirected;83;1
14;80;Undirected;84;1
14;130;Undirected;85;1
15;200;Undirected;86;1
16;136;Undirected;87;1
17;200;Undirected;88;1
17;68;Undirected;89;1
18;192;Undirected;90;1
18;136;Undirected;91;1
18;184;Undirected;92;1
18;144;Undirected;93;1
18;42;Undirected;94;1
18;47;Undirected;95;1
18;200;Undirected;96;1
18;130;Undirected;97;1
18;94;Undirected;98;1
18;89;Undirected;99;1
18;143;Undirected;100;1
19;11;Undirected;101;1
19;154;Undirected;102;1
19;50;Undirected;103;1
19;80;Undirected;104;1
19;112;Undirected;105;1
19;130;Undirected;106;1
19;41;Undirected;107;1
20;136;Undirected;108;1
20;154;Undirected;109;1
20;109;Undirected;110;1
20;189;Undirected;111;1
20;163;Undirected;112;1
20;50;Undirected;113;1
20;80;Undirected;114;1
21;136;Undirected;115;1
21;49;Undirected;116;1
21;109;Undirected;117;1
21;189;Undirected;118;1
21;36;Undirected;119;1
21;111;Undirected;120;1
22;154;Undirected;121;1
22;106;Undirected;122;1
22;104;Undirected;123;1
22;50;Undirected;124;1
22;80;Undirected;125;1
22;130;Undirected;126;1
22;77;Undirected;127;1
22;164;Undirected;128;1
22;41;Undirected;129;1
23;173;Undirected;130;1
23;200;Undirected;131;1
24;192;Undirected;132;1
24;173;Undirected;133;1
24;136;Undirected;134;1
24;45;Undirected;135;1
24;200;Undirected;136;1
24;44;Undirected;137;1
24;118;Undirected;138;1
24;206;Undirected;139;1
24;156;Undirected;140;1
24;174;Undirected;141;1
24;63;Undirected;142;1
25;136;Undirected;143;1
25;87;Undirected;144;1
25;84;Undirected;145;1
25;50;Undirected;146;1
25;80;Undirected;147;1
25;69;Undirected;148;1
25;194;Undirected;149;1
25;41;Undirected;150;1
26;136;Undirected;151;1
26;51;Undirected;152;1
26;99;Undirected;153;1
27;136;Undirected;154;1
27;154;Undirected;155;1
27;84;Undirected;156;1
27;203;Undirected;157;1
27;50;Undirected;158;1
27;98;Undirected;159;1
27;41;Undirected;160;1
28;154;Undirected;161;1
28;120;Undirected;162;1
28;50;Undirected;163;1
29;80;Undirected;164;1
30;136;Undirected;165;1
30;11;Undirected;166;1
30;169;Undirected;167;1
30;50;Undirected;168;1
30;168;Undirected;169;1
30;22;Undirected;170;1
30;41;Undirected;171;1
31;136;Undirected;172;1
31;50;Undirected;173;1
31;63;Undirected;174;1
32;50;Undirected;175;1
33;136;Undirected;176;1
33;50;Undirected;177;1
34;136;Undirected;178;1
34;154;Undirected;179;1
34;45;Undirected;180;1
34;61;Undirected;181;1
34;50;Undirected;182;1
34;80;Undirected;183;1
34;130;Undirected;184;1
35;105;Undirected;185;1
35;84;Undirected;186;1
35;103;Undirected;187;1
35;50;Undirected;188;1
35;130;Undirected;189;1
35;69;Undirected;190;1
35;41;Undirected;191;1
35;136;Undirected;192;1
35;80;Undirected;193;1
35;37;Undirected;194;1
35;111;Undirected;195;1
36;136;Undirected;196;1
36;84;Undirected;197;1
36;50;Undirected;198;1
36;123;Undirected;199;1
37;87;Undirected;200;1
37;154;Undirected;201;1
37;50;Undirected;202;1
37;130;Undirected;203;1
37;213;Undirected;204;1
37;136;Undirected;205;1
37;157;Undirected;206;1
37;197;Undirected;207;1
37;18;Undirected;208;1
37;78;Undirected;209;1
37;101;Undirected;210;1
37;70;Undirected;211;1
37;181;Undirected;212;1
38;84;Undirected;213;1
38;6;Undirected;214;1
38;50;Undirected;215;1
39;136;Undirected;216;1
39;161;Undirected;217;1
40;136;Undirected;218;1
40;62;Undirected;219;1
41;25;Undirected;220;1
41;154;Undirected;221;1
41;11;Undirected;222;1
41;103;Undirected;223;1
41;106;Undirected;224;1
41;50;Undirected;225;1
41;95;Undirected;226;1
41;164;Undirected;227;1
41;213;Undirected;228;1
41;194;Undirected;229;1
41;31;Undirected;230;1
41;157;Undirected;231;1
41;172;Undirected;232;1
41;70;Undirected;233;1
41;200;Undirected;234;1
41;205;Undirected;235;1
41;19;Undirected;236;1
41;87;Undirected;237;1
41;193;Undirected;238;1
41;131;Undirected;239;1
41;171;Undirected;240;1
41;168;Undirected;241;1
41;9;Undirected;242;1
41;69;Undirected;243;1
41;28;Undirected;244;1
41;35;Undirected;245;1
41;111;Undirected;246;1
41;49;Undirected;247;1
41;226;Undirected;248;1
41;214;Undirected;249;1
41;169;Undirected;250;1
41;223;Undirected;251;1
41;48;Undirected;252;1
41;119;Undirected;253;1
41;44;Undirected;254;1
41;152;Undirected;255;1
41;4;Undirected;256;1
41;10;Undirected;257;1
41;97;Undirected;258;1
41;22;Undirected;259;1
41;195;Undirected;260;1
41;136;Undirected;261;1
41;197;Undirected;262;1
41;101;Undirected;263;1
41;109;Undirected;264;1
41;120;Undirected;265;1
41;104;Undirected;266;1
41;0;Undirected;267;1
41;30;Undirected;268;1
41;132;Undirected;269;1
41;185;Undirected;270;1
41;80;Undirected;271;1
41;204;Undirected;272;1
41;123;Undirected;273;1
41;211;Undirected;274;1
41;102;Undirected;275;1
41;219;Undirected;276;1
41;128;Undirected;277;1
41;189;Undirected;278;1
41;165;Undirected;279;1
41;2;Undirected;280;1
41;130;Undirected;281;1
41;176;Undirected;282;1
41;173;Undirected;283;1
41;45;Undirected;284;1
41;203;Undirected;285;1
41;86;Undirected;286;1
41;98;Undirected;287;1
41;77;Undirected;288;1
42;18;Undirected;289;1
43;136;Undirected;290;1
43;11;Undirected;291;1
43;154;Undirected;292;1
43;80;Undirected;293;1
44;192;Undirected;294;1
44;154;Undirected;295;1
44;131;Undirected;296;1
44;50;Undirected;297;1
44;130;Undirected;298;1
44;21;Undirected;299;1
44;95;Undirected;300;1
44;41;Undirected;301;1
44;136;Undirected;302;1
44;70;Undirected;303;1
44;80;Undirected;304;1
44;71;Undirected;305;1
44;77;Undirected;306;1
45;25;Undirected;307;1
45;84;Undirected;308;1
45;189;Undirected;309;1
45;50;Undirected;310;1
45;130;Undirected;311;1
45;41;Undirected;312;1
45;83;Undirected;313;1
45;136;Undirected;314;1
45;43;Undirected;315;1
45;109;Undirected;316;1
45;180;Undirected;317;1
45;132;Undirected;318;1
45;80;Undirected;319;1
45;123;Undirected;320;1
46;130;Undirected;321;1
46;133;Undirected;322;1
47;18;Undirected;323;1
48;192;Undirected;324;1
48;205;Undirected;325;1
48;11;Undirected;326;1
48;154;Undirected;327;1
48;84;Undirected;328;1
48;65;Undirected;329;1
48;50;Undirected;330;1
48;130;Undirected;331;1
48;41;Undirected;332;1
48;136;Undirected;333;1
48;173;Undirected;334;1
48;53;Undirected;335;1
48;70;Undirected;336;1
48;109;Undirected;337;1
48;200;Undirected;338;1
48;35;Undirected;339;1
48;132;Undirected;340;1
48;80;Undirected;341;1
49;182;Undirected;342;1
49;136;Undirected;343;1
49;157;Undirected;344;1
49;138;Undirected;345;1
49;70;Undirected;346;1
49;109;Undirected;347;1
49;189;Undirected;348;1
49;50;Undirected;349;1
49;80;Undirected;350;1
49;130;Undirected;351;1
49;176;Undirected;352;1
50;25;Undirected;353;1
50;11;Undirected;354;1
50;1;Undirected;355;1
50;106;Undirected;356;1
50;151;Undirected;357;1
50;34;Undirected;358;1
50;227;Undirected;359;1
50;95;Undirected;360;1
50;125;Undirected;361;1
50;213;Undirected;362;1
50;194;Undirected;363;1
50;157;Undirected;364;1
50;70;Undirected;365;1
50;200;Undirected;366;1
50;149;Undirected;367;1
50;118;Undirected;368;1
50;207;Undirected;369;1
50;192;Undirected;370;1
50;205;Undirected;371;1
50;19;Undirected;372;1
50;131;Undirected;373;1
50;171;Undirected;374;1
50;168;Undirected;375;1
50;32;Undirected;376;1
50;69;Undirected;377;1
50;150;Undirected;378;1
50;114;Undirected;379;1
50;28;Undirected;380;1
50;73;Undirected;381;1
50;111;Undirected;382;1
50;58;Undirected;383;1
50;49;Undirected;384;1
50;226;Undirected;385;1
50;84;Undirected;386;1
50;169;Undirected;387;1
50;119;Undirected;388;1
50;48;Undirected;389;1
50;163;Undirected;390;1
50;152;Undirected;391;1
50;93;Undirected;392;1
50;175;Undirected;393;1
50;74;Undirected;394;1
50;57;Undirected;395;1
50;159;Undirected;396;1
50;217;Undirected;397;1
50;197;Undirected;398;1
50;134;Undirected;399;1
50;3;Undirected;400;1
50;123;Undirected;401;1
50;211;Undirected;402;1
50;37;Undirected;403;1
50;102;Undirected;404;1
50;65;Undirected;405;1
50;234;Undirected;406;1
50;189;Undirected;407;1
50;165;Undirected;408;1
50;112;Undirected;409;1
50;130;Undirected;410;1
50;176;Undirected;411;1
50;45;Undirected;412;1
50;8;Undirected;413;1
50;98;Undirected;414;1
50;77;Undirected;415;1
50;208;Undirected;416;1
50;199;Undirected;417;1
50;182;Undirected;418;1
50;154;Undirected;419;1
50;186;Undirected;420;1
50;20;Undirected;421;1
50;75;Undirected;422;1
50;164;Undirected;423;1
50;41;Undirected;424;1
50;31;Undirected;425;1
50;172;Undirected;426;1
50;87;Undirected;427;1
50;6;Undirected;428;1
50;193;Undirected;429;1
50;36;Undirected;430;1
50;215;Undirected;431;1
50;88;Undirected;432;1
50;9;Undirected;433;1
50;59;Undirected;434;1
50;27;Undirected;435;1
50;35;Undirected;436;1
50;105;Undirected;437;1
50;214;Undirected;438;1
50;221;Undirected;439;1
50;223;Undirected;440;1
50;229;Undirected;441;1
50;33;Undirected;442;1
50;44;Undirected;443;1
50;10;Undirected;444;1
50;97;Undirected;445;1
50;22;Undirected;446;1
50;195;Undirected;447;1
50;79;Undirected;448;1
50;136;Undirected;449;1
50;198;Undirected;450;1
50;12;Undirected;451;1
50;38;Undirected;452;1
50;228;Undirected;453;1
50;109;Undirected;454;1
50;120;Undirected;455;1
50;104;Undirected;456;1
50;0;Undirected;457;1
50;30;Undirected;458;1
50;132;Undirected;459;1
50;185;Undirected;460;1
50;80;Undirected;461;1
50;204;Undirected;462;1
50;219;Undirected;463;1
50;61;Undirected;464;1
50;96;Undirected;465;1
50;128;Undirected;466;1
50;220;Undirected;467;1
50;115;Undirected;468;1
50;68;Undirected;469;1
50;2;Undirected;470;1
50;203;Undirected;471;1
50;53;Undirected;472;1
50;86;Undirected;473;1
50;127;Undirected;474;1
50;210;Undirected;475;1
51;136;Undirected;476;1
51;26;Undirected;477;1
51;72;Undirected;478;1
52;80;Undirected;479;1
53;136;Undirected;480;1
53;226;Undirected;481;1
53;172;Undirected;482;1
53;189;Undirected;483;1
53;50;Undirected;484;1
53;48;Undirected;485;1
53;152;Undirected;486;1
53;118;Undirected;487;1
53;37;Undirected;488;1
54;136;Undirected;489;1
55;105;Undirected;490;1
55;80;Undirected;491;1
55;130;Undirected;492;1
55;37;Undirected;493;1
55;69;Undirected;494;1
56;192;Undirected;495;1
56;70;Undirected;496;1
56;80;Undirected;497;1
57;50;Undirected;498;1
57;204;Undirected;499;1
58;50;Undirected;500;1
59;136;Undirected;501;1
59;154;Undirected;502;1
59;19;Undirected;503;1
59;70;Undirected;504;1
59;180;Undirected;505;1
59;50;Undirected;506;1
59;146;Undirected;507;1
59;130;Undirected;508;1
59;21;Undirected;509;1
59;125;Undirected;510;1
59;88;Undirected;511;1
60;173;Undirected;512;1
60;200;Undirected;513;1
61;84;Undirected;514;1
61;70;Undirected;515;1
61;145;Undirected;516;1
61;30;Undirected;517;1
61;50;Undirected;518;1
61;130;Undirected;519;1
61;97;Undirected;520;1
61;41;Undirected;521;1
62;136;Undirected;522;1
62;40;Undirected;523;1
63;192;Undirected;524;1
63;136;Undirected;525;1
63;200;Undirected;526;1
63;24;Undirected;527;1
64;136;Undirected;528;1
64;124;Undirected;529;1
65;136;Undirected;530;1
65;87;Undirected;531;1
65;154;Undirected;532;1
65;84;Undirected;533;1
65;70;Undirected;534;1
65;27;Undirected;535;1
65;200;Undirected;536;1
65;50;Undirected;537;1
65;48;Undirected;538;1
65;206;Undirected;539;1
65;130;Undirected;540;1
66;192;Undirected;541;1
66;200;Undirected;542;1
66;118;Undirected;543;1
67;80;Undirected;544;1
68;192;Undirected;545;1
68;136;Undirected;546;1
68;65;Undirected;547;1
68;106;Undirected;548;1
68;200;Undirected;549;1
68;50;Undirected;550;1
68;17;Undirected;551;1
69;87;Undirected;552;1
69;154;Undirected;553;1
69;84;Undirected;554;1
69;119;Undirected;555;1
69;50;Undirected;556;1
69;130;Undirected;557;1
69;168;Undirected;558;1
69;125;Undirected;559;1
69;92;Undirected;560;1
69;213;Undirected;561;1
69;41;Undirected;562;1
69;136;Undirected;563;1
69;203;Undirected;564;1
69;80;Undirected;565;1
70;11;Undirected;566;1
70;103;Undirected;567;1
70;106;Undirected;568;1
70;145;Undirected;569;1
70;121;Undirected;570;1
70;213;Undirected;571;1
70;194;Undirected;572;1
70;43;Undirected;573;1
70;157;Undirected;574;1
70;200;Undirected;575;1
70;118;Undirected;576;1
70;133;Undirected;577;1
70;192;Undirected;578;1
70;205;Undirected;579;1
70;19;Undirected;580;1
70;183;Undirected;581;1
70;171;Undirected;582;1
70;168;Undirected;583;1
70;69;Undirected;584;1
70;110;Undirected;585;1
70;84;Undirected;586;1
70;48;Undirected;587;1
70;163;Undirected;588;1
70;119;Undirected;589;1
70;152;Undirected;590;1
70;142;Undirected;591;1
70;56;Undirected;592;1
70;159;Undirected;593;1
70;211;Undirected;594;1
70;102;Undirected;595;1
70;37;Undirected;596;1
70;65;Undirected;597;1
70;100;Undirected;598;1
70;189;Undirected;599;1
70;165;Undirected;600;1
70;130;Undirected;601;1
70;176;Undirected;602;1
70;218;Undirected;603;1
70;77;Undirected;604;1
70;154;Undirected;605;1
70;126;Undirected;606;1
70;50;Undirected;607;1
70;41;Undirected;608;1
70;172;Undirected;609;1
70;191;Undirected;610;1
70;162;Undirected;611;1
70;87;Undirected;612;1
70;193;Undirected;613;1
70;9;Undirected;614;1
70;59;Undirected;615;1
70;105;Undirected;616;1
70;223;Undirected;617;1
70;229;Undirected;618;1
70;44;Undirected;619;1
70;4;Undirected;620;1
70;97;Undirected;621;1
70;22;Undirected;622;1
70;195;Undirected;623;1
70;136;Undirected;624;1
70;198;Undirected;625;1
70;190;Undirected;626;1
70;132;Undirected;627;1
70;80;Undirected;628;1
70;219;Undirected;629;1
70;96;Undirected;630;1
70;128;Undirected;631;1
70;160;Undirected;632;1
70;173;Undirected;633;1
70;78;Undirected;634;1
70;203;Undirected;635;1
70;135;Undirected;636;1
70;86;Undirected;637;1
70;127;Undirected;638;1
71;136;Undirected;639;1
71;134;Undirected;640;1
71;200;Undirected;641;1
72;136;Undirected;642;1
72;51;Undirected;643;1
72;80;Undirected;644;1
72;93;Undirected;645;1
72;37;Undirected;646;1
73;50;Undirected;647;1
74;136;Undirected;648;1
74;172;Undirected;649;1
74;50;Undirected;650;1
74;185;Undirected;651;1
75;136;Undirected;652;1
75;154;Undirected;653;1
75;49;Undirected;654;1
75;128;Undirected;655;1
75;120;Undirected;656;1
75;181;Undirected;657;1
75;50;Undirected;658;1
75;86;Undirected;659;1
75;80;Undirected;660;1
75;77;Undirected;661;1
75;41;Undirected;662;1
76;130;Undirected;663;1
76;22;Undirected;664;1
77;74;Undirected;665;1
77;154;Undirected;666;1
77;84;Undirected;667;1
77;50;Undirected;668;1
77;80;Undirected;669;1
77;130;Undirected;670;1
77;125;Undirected;671;1
77;9;Undirected;672;1
77;111;Undirected;673;1
78;84;Undirected;674;1
78;70;Undirected;675;1
78;80;Undirected;676;1
78;130;Undirected;677;1
79;136;Undirected;678;1
79;50;Undirected;679;1
79;44;Undirected;680;1
80;25;Undirected;681;1
80;11;Undirected;682;1
80;67;Undirected;683;1
80;106;Undirected;684;1
80;1;Undirected;685;1
80;34;Undirected;686;1
80;95;Undirected;687;1
80;125;Undirected;688;1
80;14;Undirected;689;1
80;178;Undirected;690;1
80;43;Undirected;691;1
80;157;Undirected;692;1
80;70;Undirected;693;1
80;52;Undirected;694;1
80;180;Undirected;695;1
80;118;Undirected;696;1
80;192;Undirected;697;1
80;205;Undirected;698;1
80;19;Undirected;699;1
80;131;Undirected;700;1
80;171;Undirected;701;1
80;168;Undirected;702;1
80;69;Undirected;703;1
80;111;Undirected;704;1
80;49;Undirected;705;1
80;84;Undirected;706;1
80;169;Undirected;707;1
80;48;Undirected;708;1
80;163;Undirected;709;1
80;119;Undirected;710;1
80;152;Undirected;711;1
80;56;Undirected;712;1
80;5;Undirected;713;1
80;197;Undirected;714;1
80;18;Undirected;715;1
80;134;Undirected;716;1
80;101;Undirected;717;1
80;122;Undirected;718;1
80;123;Undirected;719;1
80;37;Undirected;720;1
80;155;Undirected;721;1
80;189;Undirected;722;1
80;165;Undirected;723;1
80;130;Undirected;724;1
80;176;Undirected;725;1
80;218;Undirected;726;1
80;231;Undirected;727;1
80;45;Undirected;728;1
80;8;Undirected;729;1
80;98;Undirected;730;1
80;77;Undirected;731;1
80;55;Undirected;732;1
80;154;Undirected;733;1
80;212;Undirected;734;1
80;20;Undirected;735;1
80;50;Undirected;736;1
80;75;Undirected;737;1
80;164;Undirected;738;1
80;41;Undirected;739;1
80;129;Undirected;740;1
80;191;Undirected;741;1
80;230;Undirected;742;1
80;162;Undirected;743;1
80;87;Undirected;744;1
80;193;Undirected;745;1
80;29;Undirected;746;1
80;9;Undirected;747;1
80;27;Undirected;748;1
80;35;Undirected;749;1
80;223;Undirected;750;1
80;229;Undirected;751;1
80;44;Undirected;752;1
80;4;Undirected;753;1
80;10;Undirected;754;1
80;22;Undirected;755;1
80;195;Undirected;756;1
80;79;Undirected;757;1
80;136;Undirected;758;1
80;198;Undirected;759;1
80;190;Undirected;760;1
80;109;Undirected;761;1
80;120;Undirected;762;1
80;0;Undirected;763;1
80;107;Undirected;764;1
80;132;Undirected;765;1
80;185;Undirected;766;1
80;204;Undirected;767;1
80;219;Undirected;768;1
80;96;Undirected;769;1
80;128;Undirected;770;1
80;2;Undirected;771;1
80;160;Undirected;772;1
80;91;Undirected;773;1
80;173;Undirected;774;1
80;78;Undirected;775;1
80;138;Undirected;776;1
80;203;Undirected;777;1
80;135;Undirected;778;1
80;86;Undirected;779;1
80;210;Undirected;780;1
81;13;Undirected;781;1
81;130;Undirected;782;1
82;205;Undirected;783;1
82;192;Undirected;784;1
82;136;Undirected;785;1
82;105;Undirected;786;1
82;59;Undirected;787;1
82;157;Undirected;788;1
82;229;Undirected;789;1
82;44;Undirected;790;1
82;219;Undirected;791;1
83;192;Undirected;792;1
83;136;Undirected;793;1
83;90;Undirected;794;1
83;106;Undirected;795;1
83;200;Undirected;796;1
84;105;Undirected;797;1
84;25;Undirected;798;1
84;11;Undirected;799;1
84;154;Undirected;800;1
84;163;Undirected;801;1
84;50;Undirected;802;1
84;48;Undirected;803;1
84;152;Undirected;804;1
84;75;Undirected;805;1
84;213;Undirected;806;1
84;136;Undirected;807;1
84;134;Undirected;808;1
84;70;Undirected;809;1
84;109;Undirected;810;1
84;190;Undirected;811;1
84;200;Undirected;812;1
84;185;Undirected;813;1
84;80;Undirected;814;1
84;123;Undirected;815;1
84;37;Undirected;816;1
84;205;Undirected;817;1
84;192;Undirected;818;1
84;19;Undirected;819;1
84;65;Undirected;820;1
84;128;Undirected;821;1
84;115;Undirected;822;1
84;189;Undirected;823;1
84;112;Undirected;824;1
84;2;Undirected;825;1
84;130;Undirected;826;1
84;168;Undirected;827;1
84;69;Undirected;828;1
84;9;Undirected;829;1
84;150;Undirected;830;1
84;45;Undirected;831;1
84;203;Undirected;832;1
84;27;Undirected;833;1
84;28;Undirected;834;1
84;35;Undirected;835;1
84;181;Undirected;836;1
84;179;Undirected;837;1
84;98;Undirected;838;1
84;127;Undirected;839;1
84;77;Undirected;840;1
84;210;Undirected;841;1
85;136;Undirected;842;1
85;172;Undirected;843;1
86;49;Undirected;844;1
86;84;Undirected;845;1
86;50;Undirected;846;1
86;80;Undirected;847;1
86;130;Undirected;848;1
86;75;Undirected;849;1
86;9;Undirected;850;1
86;41;Undirected;851;1
87;105;Undirected;852;1
87;25;Undirected;853;1
87;154;Undirected;854;1
87;84;Undirected;855;1
87;212;Undirected;856;1
87;48;Undirected;857;1
87;50;Undirected;858;1
87;163;Undirected;859;1
87;10;Undirected;860;1
87;97;Undirected;861;1
87;194;Undirected;862;1
87;213;Undirected;863;1
87;41;Undirected;864;1
87;136;Undirected;865;1
87;90;Undirected;866;1
87;70;Undirected;867;1
87;109;Undirected;868;1
87;30;Undirected;869;1
87;80;Undirected;870;1
87;118;Undirected;871;1
87;205;Undirected;872;1
87;230;Undirected;873;1
87;65;Undirected;874;1
87;115;Undirected;875;1
87;189;Undirected;876;1
87;130;Undirected;877;1
87;168;Undirected;878;1
87;176;Undirected;879;1
87;9;Undirected;880;1
87;127;Undirected;881;1
88;59;Undirected;882;1
88;61;Undirected;883;1
88;104;Undirected;884;1
88;50;Undirected;885;1
88;32;Undirected;886;1
89;18;Undirected;887;1
90;192;Undirected;888;1
90;136;Undirected;889;1
90;45;Undirected;890;1
90;200;Undirected;891;1
90;75;Undirected;892;1
90;83;Undirected;893;1
91;132;Undirected;894;1
91;213;Undirected;895;1
92;136;Undirected;896;1
92;87;Undirected;897;1
92;80;Undirected;898;1
92;130;Undirected;899;1
93;136;Undirected;900;1
93;157;Undirected;901;1
93;106;Undirected;902;1
93;50;Undirected;903;1
93;185;Undirected;904;1
93;111;Undirected;905;1
94;18;Undirected;906;1
95;154;Undirected;907;1
95;49;Undirected;908;1
95;50;Undirected;909;1
95;44;Undirected;910;1
95;80;Undirected;911;1
95;41;Undirected;912;1
96;11;Undirected;913;1
96;84;Undirected;914;1
96;27;Undirected;915;1
96;106;Undirected;916;1
96;70;Undirected;917;1
96;50;Undirected;918;1
96;80;Undirected;919;1
96;149;Undirected;920;1
96;130;Undirected;921;1
96;98;Undirected;922;1
97;136;Undirected;923;1
97;59;Undirected;924;1
97;154;Undirected;925;1
97;134;Undirected;926;1
97;61;Undirected;927;1
97;70;Undirected;928;1
97;50;Undirected;929;1
97;68;Undirected;930;1
97;130;Undirected;931;1
97;41;Undirected;932;1
98;136;Undirected;933;1
98;154;Undirected;934;1
98;84;Undirected;935;1
98;12;Undirected;936;1
98;50;Undirected;937;1
98;80;Undirected;938;1
98;93;Undirected;939;1
98;72;Undirected;940;1
98;41;Undirected;941;1
99;136;Undirected;942;1
99;26;Undirected;943;1
99;140;Undirected;944;1
100;70;Undirected;945;1
101;136;Undirected;946;1
101;87;Undirected;947;1
101;191;Undirected;948;1
101;80;Undirected;949;1
101;41;Undirected;950;1
102;192;Undirected;951;1
102;50;Undirected;952;1
102;152;Undirected;953;1
102;41;Undirected;954;1
102;194;Undirected;955;1
102;136;Undirected;956;1
102;172;Undirected;957;1
102;70;Undirected;958;1
102;80;Undirected;959;1
102;118;Undirected;960;1
102;127;Undirected;961;1
103;192;Undirected;962;1
103;173;Undirected;963;1
103;136;Undirected;964;1
103;154;Undirected;965;1
103;70;Undirected;966;1
103;82;Undirected;967;1
103;200;Undirected;968;1
103;41;Undirected;969;1
104;136;Undirected;970;1
104;223;Undirected;971;1
104;82;Undirected;972;1
104;50;Undirected;973;1
104;185;Undirected;974;1
104;41;Undirected;975;1
105;154;Undirected;976;1
105;87;Undirected;977;1
105;84;Undirected;978;1
105;115;Undirected;979;1
105;50;Undirected;980;1
105;2;Undirected;981;1
105;130;Undirected;982;1
105;213;Undirected;983;1
105;136;Undirected;984;1
105;45;Undirected;985;1
105;70;Undirected;986;1
105;35;Undirected;987;1
105;104;Undirected;988;1
105;180;Undirected;989;1
105;80;Undirected;990;1
105;102;Undirected;991;1
105;63;Undirected;992;1
106;84;Undirected;993;1
106;115;Undirected;994;1
106;189;Undirected;995;1
106;50;Undirected;996;1
106;163;Undirected;997;1
106;165;Undirected;998;1
106;130;Undirected;999;1
106;176;Undirected;1000;1
106;79;Undirected;1001;1
106;41;Undirected;1002;1
106;136;Undirected;1003;1
106;70;Undirected;1004;1
106;109;Undirected;1005;1
106;35;Undirected;1006;1
106;80;Undirected;1007;1
107;80;Undirected;1008;1
108;173;Undirected;1009;1
109;105;Undirected;1010;1
109;49;Undirected;1011;1
109;87;Undirected;1012;1
109;84;Undirected;1013;1
109;106;Undirected;1014;1
109;48;Undirected;1015;1
109;50;Undirected;1016;1
109;20;Undirected;1017;1
109;130;Undirected;1018;1
109;41;Undirected;1019;1
109;136;Undirected;1020;1
109;45;Undirected;1021;1
109;70;Undirected;1022;1
109;203;Undirected;1023;1
109;200;Undirected;1024;1
109;80;Undirected;1025;1
109;118;Undirected;1026;1
109;24;Undirected;1027;1
110;13;Undirected;1028;1
110;70;Undirected;1029;1
110;80;Undirected;1030;1
110;130;Undirected;1031;1
111;192;Undirected;1032;1
111;154;Undirected;1033;1
111;84;Undirected;1034;1
111;50;Undirected;1035;1
111;44;Undirected;1036;1
111;130;Undirected;1037;1
111;168;Undirected;1038;1
111;97;Undirected;1039;1
111;125;Undirected;1040;1
111;41;Undirected;1041;1
111;136;Undirected;1042;1
111;224;Undirected;1043;1
111;82;Undirected;1044;1
111;80;Undirected;1045;1
112;84;Undirected;1046;1
112;50;Undirected;1047;1
112;175;Undirected;1048;1
113;201;Undirected;1049;1
113;130;Undirected;1050;1
114;136;Undirected;1051;1
114;50;Undirected;1052;1
114;22;Undirected;1053;1
115;87;Undirected;1054;1
115;84;Undirected;1055;1
115;50;Undirected;1056;1
115;44;Undirected;1057;1
115;130;Undirected;1058;1
115;136;Undirected;1059;1
115;45;Undirected;1060;1
115;203;Undirected;1061;1
115;200;Undirected;1062;1
115;118;Undirected;1063;1
115;127;Undirected;1064;1
115;54;Undirected;1065;1
116;200;Undirected;1066;1
117;0;Undirected;1067;1
117;80;Undirected;1068;1
118;154;Undirected;1069;1
118;84;Undirected;1070;1
118;139;Undirected;1071;1
118;50;Undirected;1072;1
118;163;Undirected;1073;1
118;177;Undirected;1074;1
118;195;Undirected;1075;1
118;194;Undirected;1076;1
118;7;Undirected;1077;1
118;136;Undirected;1078;1
118;70;Undirected;1079;1
118;109;Undirected;1080;1
118;200;Undirected;1081;1
118;196;Undirected;1082;1
118;132;Undirected;1083;1
118;80;Undirected;1084;1
118;24;Undirected;1085;1
118;192;Undirected;1086;1
118;87;Undirected;1087;1
118;66;Undirected;1088;1
118;188;Undirected;1089;1
118;115;Undirected;1090;1
118;189;Undirected;1091;1
118;148;Undirected;1092;1
118;183;Undirected;1093;1
118;130;Undirected;1094;1
118;173;Undirected;1095;1
118;127;Undirected;1096;1
119;136;Undirected;1097;1
119;154;Undirected;1098;1
119;70;Undirected;1099;1
119;50;Undirected;1100;1
119;80;Undirected;1101;1
119;211;Undirected;1102;1
119;130;Undirected;1103;1
119;95;Undirected;1104;1
119;37;Undirected;1105;1
119;41;Undirected;1106;1
120;154;Undirected;1107;1
120;84;Undirected;1108;1
120;96;Undirected;1109;1
120;229;Undirected;1110;1
120;50;Undirected;1111;1
120;36;Undirected;1112;1
120;2;Undirected;1113;1
120;130;Undirected;1114;1
120;92;Undirected;1115;1
120;9;Undirected;1116;1
120;41;Undirected;1117;1
120;136;Undirected;1118;1
120;80;Undirected;1119;1
121;70;Undirected;1120;1
122;182;Undirected;1121;1
122;145;Undirected;1122;1
122;130;Undirected;1123;1
122;41;Undirected;1124;1
123;154;Undirected;1125;1
123;87;Undirected;1126;1
123;84;Undirected;1127;1
123;50;Undirected;1128;1
123;80;Undirected;1129;1
123;41;Undirected;1130;1
124;136;Undirected;1131;1
124;64;Undirected;1132;1
125;136;Undirected;1133;1
125;59;Undirected;1134;1
125;35;Undirected;1135;1
125;119;Undirected;1136;1
125;50;Undirected;1137;1
126;70;Undirected;1138;1
127;192;Undirected;1139;1
127;154;Undirected;1140;1
127;87;Undirected;1141;1
127;84;Undirected;1142;1
127;106;Undirected;1143;1
127;189;Undirected;1144;1
127;50;Undirected;1145;1
127;130;Undirected;1146;1
127;173;Undirected;1147;1
127;136;Undirected;1148;1
127;70;Undirected;1149;1
127;109;Undirected;1150;1
127;0;Undirected;1151;1
127;200;Undirected;1152;1
127;80;Undirected;1153;1
127;118;Undirected;1154;1
128;49;Undirected;1155;1
128;154;Undirected;1156;1
128;50;Undirected;1157;1
128;20;Undirected;1158;1
128;130;Undirected;1159;1
128;168;Undirected;1160;1
128;14;Undirected;1161;1
128;41;Undirected;1162;1
128;136;Undirected;1163;1
128;31;Undirected;1164;1
128;70;Undirected;1165;1
128;82;Undirected;1166;1
128;207;Undirected;1167;1
129;80;Undirected;1168;1
130;182;Undirected;1169;1
130;55;Undirected;1170;1
130;25;Undirected;1171;1
130;154;Undirected;1172;1
130;11;Undirected;1173;1
130;81;Undirected;1174;1
130;106;Undirected;1175;1
130;212;Undirected;1176;1
130;145;Undirected;1177;1
130;50;Undirected;1178;1
130;34;Undirected;1179;1
130;14;Undirected;1180;1
130;213;Undirected;1181;1
130;41;Undirected;1182;1
130;172;Undirected;1183;1
130;70;Undirected;1184;1
130;200;Undirected;1185;1
130;180;Undirected;1186;1
130;118;Undirected;1187;1
130;76;Undirected;1188;1
130;207;Undirected;1189;1
130;133;Undirected;1190;1
130;205;Undirected;1191;1
130;19;Undirected;1192;1
130;87;Undirected;1193;1
130;193;Undirected;1194;1
130;131;Undirected;1195;1
130;171;Undirected;1196;1
130;168;Undirected;1197;1
130;69;Undirected;1198;1
130;9;Undirected;1199;1
130;59;Undirected;1200;1
130;35;Undirected;1201;1
130;179;Undirected;1202;1
130;111;Undirected;1203;1
130;105;Undirected;1204;1
130;110;Undirected;1205;1
130;49;Undirected;1206;1
130;84;Undirected;1207;1
130;169;Undirected;1208;1
130;229;Undirected;1209;1
130;163;Undirected;1210;1
130;119;Undirected;1211;1
130;48;Undirected;1212;1
130;152;Undirected;1213;1
130;44;Undirected;1214;1
130;46;Undirected;1215;1
130;10;Undirected;1216;1
130;97;Undirected;1217;1
130;22;Undirected;1218;1
130;175;Undirected;1219;1
130;79;Undirected;1220;1
130;5;Undirected;1221;1
130;136;Undirected;1222;1
130;159;Undirected;1223;1
130;217;Undirected;1224;1
130;198;Undirected;1225;1
130;13;Undirected;1226;1
130;101;Undirected;1227;1
130;190;Undirected;1228;1
130;109;Undirected;1229;1
130;120;Undirected;1230;1
130;0;Undirected;1231;1
130;132;Undirected;1232;1
130;185;Undirected;1233;1
130;122;Undirected;1234;1
130;80;Undirected;1235;1
130;37;Undirected;1236;1
130;219;Undirected;1237;1
130;201;Undirected;1238;1
130;61;Undirected;1239;1
130;96;Undirected;1240;1
130;65;Undirected;1241;1
130;128;Undirected;1242;1
130;115;Undirected;1243;1
130;189;Undirected;1244;1
130;176;Undirected;1245;1
130;45;Undirected;1246;1
130;78;Undirected;1247;1
130;203;Undirected;1248;1
130;138;Undirected;1249;1
130;82;Undirected;1250;1
130;113;Undirected;1251;1
130;86;Undirected;1252;1
130;127;Undirected;1253;1
130;77;Undirected;1254;1
131;50;Undirected;1255;1
131;80;Undirected;1256;1
131;130;Undirected;1257;1
131;219;Undirected;1258;1
132;154;Undirected;1259;1
132;84;Undirected;1260;1
132;48;Undirected;1261;1
132;50;Undirected;1262;1
132;163;Undirected;1263;1
132;20;Undirected;1264;1
132;130;Undirected;1265;1
132;91;Undirected;1266;1
132;136;Undirected;1267;1
132;70;Undirected;1268;1
132;80;Undirected;1269;1
132;118;Undirected;1270;1
133;136;Undirected;1271;1
133;46;Undirected;1272;1
133;130;Undirected;1273;1
134;192;Undirected;1274;1
134;136;Undirected;1275;1
134;154;Undirected;1276;1
134;84;Undirected;1277;1
134;193;Undirected;1278;1
134;135;Undirected;1279;1
134;50;Undirected;1280;1
134;36;Undirected;1281;1
134;80;Undirected;1282;1
134;171;Undirected;1283;1
135;192;Undirected;1284;1
135;173;Undirected;1285;1
135;136;Undirected;1286;1
135;154;Undirected;1287;1
135;70;Undirected;1288;1
135;200;Undirected;1289;1
135;80;Undirected;1290;1
135;10;Undirected;1291;1
135;97;Undirected;1292;1
136;25;Undirected;1293;1
136;11;Undirected;1294;1
136;103;Undirected;1295;1
136;137;Undirected;1296;1
136;106;Undirected;1297;1
136;151;Undirected;1298;1
136;34;Undirected;1299;1
136;64;Undirected;1300;1
136;140;Undirected;1301;1
136;125;Undirected;1302;1
136;92;Undirected;1303;1
136;213;Undirected;1304;1
136;194;Undirected;1305;1
136;157;Undirected;1306;1
136;43;Undirected;1307;1
136;70;Undirected;1308;1
136;200;Undirected;1309;1
136;118;Undirected;1310;1
136;207;Undirected;1311;1
136;133;Undirected;1312;1
136;63;Undirected;1313;1
136;205;Undirected;1314;1
136;192;Undirected;1315;1
136;171;Undirected;1316;1
136;168;Undirected;1317;1
136;69;Undirected;1318;1
136;72;Undirected;1319;1
136;16;Undirected;1320;1
136;114;Undirected;1321;1
136;54;Undirected;1322;1
136;111;Undirected;1323;1
136;49;Undirected;1324;1
136;226;Undirected;1325;1
136;84;Undirected;1326;1
136;169;Undirected;1327;1
136;119;Undirected;1328;1
136;48;Undirected;1329;1
136;163;Undirected;1330;1
136;152;Undirected;1331;1
136;93;Undirected;1332;1
136;85;Undirected;1333;1
136;175;Undirected;1334;1
136;74;Undirected;1335;1
136;159;Undirected;1336;1
136;18;Undirected;1337;1
136;134;Undirected;1338;1
136;101;Undirected;1339;1
136;147;Undirected;1340;1
136;39;Undirected;1341;1
136;146;Undirected;1342;1
136;24;Undirected;1343;1
136;37;Undirected;1344;1
136;102;Undirected;1345;1
136;65;Undirected;1346;1
136;189;Undirected;1347;1
136;130;Undirected;1348;1
136;176;Undirected;1349;1
136;218;Undirected;1350;1
136;45;Undirected;1351;1
136;82;Undirected;1352;1
136;181;Undirected;1353;1
136;8;Undirected;1354;1
136;98;Undirected;1355;1
136;199;Undirected;1356;1
136;202;Undirected;1357;1
136;154;Undirected;1358;1
136;20;Undirected;1359;1
136;50;Undirected;1360;1
136;75;Undirected;1361;1
136;164;Undirected;1362;1
136;170;Undirected;1363;1
136;41;Undirected;1364;1
136;90;Undirected;1365;1
136;31;Undirected;1366;1
136;224;Undirected;1367;1
136;172;Undirected;1368;1
136;233;Undirected;1369;1
136;191;Undirected;1370;1
136;62;Undirected;1371;1
136;87;Undirected;1372;1
136;51;Undirected;1373;1
136;193;Undirected;1374;1
136;36;Undirected;1375;1
136;206;Undirected;1376;1
136;9;Undirected;1377;1
136;59;Undirected;1378;1
136;35;Undirected;1379;1
136;40;Undirected;1380;1
136;99;Undirected;1381;1
136;105;Undirected;1382;1
136;223;Undirected;1383;1
136;229;Undirected;1384;1
136;33;Undirected;1385;1
136;153;Undirected;1386;1
136;44;Undirected;1387;1
136;4;Undirected;1388;1
136;10;Undirected;1389;1
136;21;Undirected;1390;1
136;97;Undirected;1391;1
136;195;Undirected;1392;1
136;79;Undirected;1393;1
136;198;Undirected;1394;1
136;109;Undirected;1395;1
136;120;Undirected;1396;1
136;104;Undirected;1397;1
136;0;Undirected;1398;1
136;30;Undirected;1399;1
136;132;Undirected;1400;1
136;185;Undirected;1401;1
136;80;Undirected;1402;1
136;71;Undirected;1403;1
136;204;Undirected;1404;1
136;219;Undirected;1405;1
136;128;Undirected;1406;1
136;115;Undirected;1407;1
136;161;Undirected;1408;1
136;68;Undirected;1409;1
136;2;Undirected;1410;1
136;83;Undirected;1411;1
136;173;Undirected;1412;1
136;203;Undirected;1413;1
136;53;Undirected;1414;1
136;135;Undirected;1415;1
136;225;Undirected;1416;1
136;141;Undirected;1417;1
136;26;Undirected;1418;1
136;127;Undirected;1419;1
136;124;Undirected;1420;1
136;210;Undirected;1421;1
137;192;Undirected;1422;1
137;136;Undirected;1423;1
137;200;Undirected;1424;1
137;171;Undirected;1425;1
138;115;Undirected;1426;1
138;80;Undirected;1427;1
138;130;Undirected;1428;1
139;118;Undirected;1429;1
140;136;Undirected;1430;1
140;99;Undirected;1431;1
141;136;Undirected;1432;1
141;224;Undirected;1433;1
141;134;Undirected;1434;1
141;9;Undirected;1435;1
142;70;Undirected;1436;1
143;18;Undirected;1437;1
144;18;Undirected;1438;1
145;13;Undirected;1439;1
145;70;Undirected;1440;1
145;130;Undirected;1441;1
146;136;Undirected;1442;1
146;200;Undirected;1443;1
146;176;Undirected;1444;1
146;195;Undirected;1445;1
147;136;Undirected;1446;1
148;192;Undirected;1447;1
148;200;Undirected;1448;1
148;118;Undirected;1449;1
149;50;Undirected;1450;1
149;215;Undirected;1451;1
149;210;Undirected;1452;1
150;50;Undirected;1453;1
151;136;Undirected;1454;1
151;50;Undirected;1455;1
152;192;Undirected;1456;1
152;154;Undirected;1457;1
152;84;Undirected;1458;1
152;1;Undirected;1459;1
152;212;Undirected;1460;1
152;229;Undirected;1461;1
152;50;Undirected;1462;1
152;85;Undirected;1463;1
152;130;Undirected;1464;1
152;95;Undirected;1465;1
152;41;Undirected;1466;1
152;136;Undirected;1467;1
152;198;Undirected;1468;1
152;70;Undirected;1469;1
152;82;Undirected;1470;1
152;80;Undirected;1471;1
152;102;Undirected;1472;1
153;136;Undirected;1473;1
154;25;Undirected;1474;1
154;11;Undirected;1475;1
154;103;Undirected;1476;1
154;106;Undirected;1477;1
154;34;Undirected;1478;1
154;95;Undirected;1479;1
154;178;Undirected;1480;1
154;194;Undirected;1481;1
154;213;Undirected;1482;1
154;70;Undirected;1483;1
154;200;Undirected;1484;1
154;118;Undirected;1485;1
154;205;Undirected;1486;1
154;192;Undirected;1487;1
154;19;Undirected;1488;1
154;171;Undirected;1489;1
154;69;Undirected;1490;1
154;28;Undirected;1491;1
154;111;Undirected;1492;1
154;84;Undirected;1493;1
154;169;Undirected;1494;1
154;163;Undirected;1495;1
154;48;Undirected;1496;1
154;119;Undirected;1497;1
154;152;Undirected;1498;1
154;197;Undirected;1499;1
154;134;Undirected;1500;1
154;123;Undirected;1501;1
154;211;Undirected;1502;1
154;37;Undirected;1503;1
154;65;Undirected;1504;1
154;189;Undirected;1505;1
154;165;Undirected;1506;1
154;130;Undirected;1507;1
154;176;Undirected;1508;1
154;218;Undirected;1509;1
154;8;Undirected;1510;1
154;77;Undirected;1511;1
154;98;Undirected;1512;1
154;50;Undirected;1513;1
154;75;Undirected;1514;1
154;41;Undirected;1515;1
154;87;Undirected;1516;1
154;193;Undirected;1517;1
154;9;Undirected;1518;1
154;59;Undirected;1519;1
154;27;Undirected;1520;1
154;35;Undirected;1521;1
154;105;Undirected;1522;1
154;229;Undirected;1523;1
154;44;Undirected;1524;1
154;4;Undirected;1525;1
154;97;Undirected;1526;1
154;22;Undirected;1527;1
154;195;Undirected;1528;1
154;136;Undirected;1529;1
154;198;Undirected;1530;1
154;0;Undirected;1531;1
154;120;Undirected;1532;1
154;132;Undirected;1533;1
154;80;Undirected;1534;1
154;185;Undirected;1535;1
154;128;Undirected;1536;1
154;2;Undirected;1537;1
154;173;Undirected;1538;1
154;203;Undirected;1539;1
154;135;Undirected;1540;1
154;127;Undirected;1541;1
154;210;Undirected;1542;1
155;80;Undirected;1543;1
156;200;Undirected;1544;1
156;24;Undirected;1545;1
157;136;Undirected;1546;1
157;154;Undirected;1547;1
157;53;Undirected;1548;1
157;70;Undirected;1549;1
157;50;Undirected;1550;1
157;80;Undirected;1551;1
157;41;Undirected;1552;1
158;173;Undirected;1553;1
159;136;Undirected;1554;1
159;87;Undirected;1555;1
159;70;Undirected;1556;1
159;50;Undirected;1557;1
159;130;Undirected;1558;1
159;168;Undirected;1559;1
159;72;Undirected;1560;1
160;173;Undirected;1561;1
160;192;Undirected;1562;1
160;70;Undirected;1563;1
160;200;Undirected;1564;1
160;80;Undirected;1565;1
161;136;Undirected;1566;1
161;39;Undirected;1567;1
162;192;Undirected;1568;1
162;173;Undirected;1569;1
162;70;Undirected;1570;1
162;200;Undirected;1571;1
162;80;Undirected;1572;1
163;192;Undirected;1573;1
163;154;Undirected;1574;1
163;87;Undirected;1575;1
163;84;Undirected;1576;1
163;106;Undirected;1577;1
163;131;Undirected;1578;1
163;20;Undirected;1579;1
163;50;Undirected;1580;1
163;130;Undirected;1581;1
163;195;Undirected;1582;1
163;136;Undirected;1583;1
163;45;Undirected;1584;1
163;70;Undirected;1585;1
163;132;Undirected;1586;1
163;80;Undirected;1587;1
163;118;Undirected;1588;1
163;127;Undirected;1589;1
164;136;Undirected;1590;1
164;128;Undirected;1591;1
164;53;Undirected;1592;1
164;50;Undirected;1593;1
164;215;Undirected;1594;1
164;185;Undirected;1595;1
164;80;Undirected;1596;1
164;41;Undirected;1597;1
165;154;Undirected;1598;1
165;84;Undirected;1599;1
165;106;Undirected;1600;1
165;70;Undirected;1601;1
165;35;Undirected;1602;1
165;50;Undirected;1603;1
165;80;Undirected;1604;1
165;41;Undirected;1605;1
166;200;Undirected;1606;1
167;173;Undirected;1607;1
168;192;Undirected;1608;1
168;87;Undirected;1609;1
168;103;Undirected;1610;1
168;96;Undirected;1611;1
168;106;Undirected;1612;1
168;48;Undirected;1613;1
168;50;Undirected;1614;1
168;130;Undirected;1615;1
168;195;Undirected;1616;1
168;41;Undirected;1617;1
168;136;Undirected;1618;1
168;70;Undirected;1619;1
168;80;Undirected;1620;1
168;37;Undirected;1621;1
169;136;Undirected;1622;1
169;159;Undirected;1623;1
169;49;Undirected;1624;1
169;154;Undirected;1625;1
169;70;Undirected;1626;1
169;50;Undirected;1627;1
169;80;Undirected;1628;1
169;130;Undirected;1629;1
169;207;Undirected;1630;1
169;41;Undirected;1631;1
170;136;Undirected;1632;1
170;225;Undirected;1633;1
171;19;Undirected;1634;1
171;49;Undirected;1635;1
171;154;Undirected;1636;1
171;50;Undirected;1637;1
171;44;Undirected;1638;1
171;130;Undirected;1639;1
171;41;Undirected;1640;1
171;136;Undirected;1641;1
171;70;Undirected;1642;1
171;30;Undirected;1643;1
171;80;Undirected;1644;1
171;86;Undirected;1645;1
171;219;Undirected;1646;1
172;192;Undirected;1647;1
172;55;Undirected;1648;1
172;154;Undirected;1649;1
172;96;Undirected;1650;1
172;50;Undirected;1651;1
172;130;Undirected;1652;1
172;176;Undirected;1653;1
172;41;Undirected;1654;1
172;136;Undirected;1655;1
172;12;Undirected;1656;1
172;109;Undirected;1657;1
172;120;Undirected;1658;1
172;86;Undirected;1659;1
172;80;Undirected;1660;1
172;207;Undirected;1661;1
172;208;Undirected;1662;1
173;154;Undirected;1663;1
173;103;Undirected;1664;1
173;60;Undirected;1665;1
173;48;Undirected;1666;1
173;195;Undirected;1667;1
173;194;Undirected;1668;1
173;41;Undirected;1669;1
173;136;Undirected;1670;1
173;191;Undirected;1671;1
173;158;Undirected;1672;1
173;70;Undirected;1673;1
173;108;Undirected;1674;1
173;200;Undirected;1675;1
173;80;Undirected;1676;1
173;187;Undirected;1677;1
173;24;Undirected;1678;1
173;118;Undirected;1679;1
173;23;Undirected;1680;1
173;192;Undirected;1681;1
173;162;Undirected;1682;1
173;65;Undirected;1683;1
173;188;Undirected;1684;1
173;206;Undirected;1685;1
173;183;Undirected;1686;1
173;160;Undirected;1687;1
173;216;Undirected;1688;1
173;69;Undirected;1689;1
173;135;Undirected;1690;1
173;82;Undirected;1691;1
173;167;Undirected;1692;1
173;127;Undirected;1693;1
174;200;Undirected;1694;1
174;24;Undirected;1695;1
175;136;Undirected;1696;1
175;105;Undirected;1697;1
175;50;Undirected;1698;1
175;2;Undirected;1699;1
175;130;Undirected;1700;1
175;176;Undirected;1701;1
176;192;Undirected;1702;1
176;154;Undirected;1703;1
176;87;Undirected;1704;1
176;106;Undirected;1705;1
176;50;Undirected;1706;1
176;130;Undirected;1707;1
176;175;Undirected;1708;1
176;41;Undirected;1709;1
176;136;Undirected;1710;1
176;159;Undirected;1711;1
176;138;Undirected;1712;1
176;70;Undirected;1713;1
176;200;Undirected;1714;1
176;80;Undirected;1715;1
177;173;Undirected;1716;1
177;118;Undirected;1717;1
178;154;Undirected;1718;1
178;80;Undirected;1719;1
179;217;Undirected;1720;1
179;35;Undirected;1721;1
179;122;Undirected;1722;1
179;130;Undirected;1723;1
180;169;Undirected;1724;1
180;70;Undirected;1725;1
180;80;Undirected;1726;1
180;130;Undirected;1727;1
180;171;Undirected;1728;1
181;192;Undirected;1729;1
181;136;Undirected;1730;1
181;50;Undirected;1731;1
181;93;Undirected;1732;1
182;128;Undirected;1733;1
182;70;Undirected;1734;1
182;50;Undirected;1735;1
182;171;Undirected;1736;1
182;130;Undirected;1737;1
183;192;Undirected;1738;1
183;173;Undirected;1739;1
183;70;Undirected;1740;1
183;200;Undirected;1741;1
183;80;Undirected;1742;1
183;118;Undirected;1743;1
184;18;Undirected;1744;1
185;136;Undirected;1745;1
185;154;Undirected;1746;1
185;84;Undirected;1747;1
185;114;Undirected;1748;1
185;212;Undirected;1749;1
185;50;Undirected;1750;1
185;86;Undirected;1751;1
185;80;Undirected;1752;1
185;130;Undirected;1753;1
185;41;Undirected;1754;1
186;30;Undirected;1755;1
186;50;Undirected;1756;1
186;80;Undirected;1757;1
187;173;Undirected;1758;1
187;200;Undirected;1759;1
188;173;Undirected;1760;1
188;200;Undirected;1761;1
188;118;Undirected;1762;1
189;192;Undirected;1763;1
189;154;Undirected;1764;1
189;49;Undirected;1765;1
189;87;Undirected;1766;1
189;84;Undirected;1767;1
189;106;Undirected;1768;1
189;50;Undirected;1769;1
189;20;Undirected;1770;1
189;130;Undirected;1771;1
189;10;Undirected;1772;1
189;21;Undirected;1773;1
189;41;Undirected;1774;1
189;173;Undirected;1775;1
189;136;Undirected;1776;1
189;45;Undirected;1777;1
189;134;Undirected;1778;1
189;70;Undirected;1779;1
189;200;Undirected;1780;1
189;80;Undirected;1781;1
189;118;Undirected;1782;1
189;24;Undirected;1783;1
190;172;Undirected;1784;1
190;70;Undirected;1785;1
190;120;Undirected;1786;1
190;80;Undirected;1787;1
190;171;Undirected;1788;1
190;130;Undirected;1789;1
191;173;Undirected;1790;1
191;192;Undirected;1791;1
191;136;Undirected;1792;1
191;134;Undirected;1793;1
191;70;Undirected;1794;1
191;200;Undirected;1795;1
191;50;Undirected;1796;1
191;80;Undirected;1797;1
192;154;Undirected;1798;1
192;11;Undirected;1799;1
192;103;Undirected;1800;1
192;137;Undirected;1801;1
192;50;Undirected;1802;1
192;194;Undirected;1803;1
192;90;Undirected;1804;1
192;172;Undirected;1805;1
192;70;Undirected;1806;1
192;191;Undirected;1807;1
192;200;Undirected;1808;1
192;118;Undirected;1809;1
192;63;Undirected;1810;1
192;162;Undirected;1811;1
192;66;Undirected;1812;1
192;206;Undirected;1813;1
192;183;Undirected;1814;1
192;216;Undirected;1815;1
192;168;Undirected;1816;1
192;9;Undirected;1817;1
192;59;Undirected;1818;1
192;111;Undirected;1819;1
192;223;Undirected;1820;1
192;48;Undirected;1821;1
192;152;Undirected;1822;1
192;44;Undirected;1823;1
192;195;Undirected;1824;1
192;136;Undirected;1825;1
192;18;Undirected;1826;1
192;71;Undirected;1827;1
192;80;Undirected;1828;1
192;24;Undirected;1829;1
192;189;Undirected;1830;1
192;68;Undirected;1831;1
192;148;Undirected;1832;1
192;160;Undirected;1833;1
192;176;Undirected;1834;1
192;218;Undirected;1835;1
192;83;Undirected;1836;1
192;173;Undirected;1837;1
192;203;Undirected;1838;1
192;82;Undirected;1839;1
192;135;Undirected;1840;1
192;181;Undirected;1841;1
192;127;Undirected;1842;1
193;136;Undirected;1843;1
193;154;Undirected;1844;1
193;70;Undirected;1845;1
193;53;Undirected;1846;1
193;0;Undirected;1847;1
193;50;Undirected;1848;1
193;80;Undirected;1849;1
193;130;Undirected;1850;1
194;192;Undirected;1851;1
194;25;Undirected;1852;1
194;154;Undirected;1853;1
194;115;Undirected;1854;1
194;189;Undirected;1855;1
194;50;Undirected;1856;1
194;41;Undirected;1857;1
194;173;Undirected;1858;1
194;136;Undirected;1859;1
194;70;Undirected;1860;1
194;109;Undirected;1861;1
194;200;Undirected;1862;1
194;118;Undirected;1863;1
195;154;Undirected;1864;1
195;84;Undirected;1865;1
195;50;Undirected;1866;1
195;41;Undirected;1867;1
195;136;Undirected;1868;1
195;70;Undirected;1869;1
195;109;Undirected;1870;1
195;200;Undirected;1871;1
195;80;Undirected;1872;1
195;118;Undirected;1873;1
195;146;Undirected;1874;1
195;102;Undirected;1875;1
195;192;Undirected;1876;1
195;115;Undirected;1877;1
195;69;Undirected;1878;1
195;173;Undirected;1879;1
196;118;Undirected;1880;1
197;154;Undirected;1881;1
197;50;Undirected;1882;1
197;80;Undirected;1883;1
197;41;Undirected;1884;1
198;136;Undirected;1885;1
198;154;Undirected;1886;1
198;50;Undirected;1887;1
198;152;Undirected;1888;1
198;44;Undirected;1889;1
198;80;Undirected;1890;1
198;130;Undirected;1891;1
199;136;Undirected;1892;1
199;221;Undirected;1893;1
199;50;Undirected;1894;1
200;154;Undirected;1895;1
200;103;Undirected;1896;1
200;137;Undirected;1897;1
200;50;Undirected;1898;1
200;194;Undirected;1899;1
200;41;Undirected;1900;1
200;90;Undirected;1901;1
200;191;Undirected;1902;1
200;70;Undirected;1903;1
200;187;Undirected;1904;1
200;118;Undirected;1905;1
200;166;Undirected;1906;1
200;63;Undirected;1907;1
200;192;Undirected;1908;1
200;162;Undirected;1909;1
200;66;Undirected;1910;1
200;193;Undirected;1911;1
200;232;Undirected;1912;1
200;206;Undirected;1913;1
200;183;Undirected;1914;1
200;216;Undirected;1915;1
200;69;Undirected;1916;1
200;116;Undirected;1917;1
200;174;Undirected;1918;1
200;84;Undirected;1919;1
200;60;Undirected;1920;1
200;48;Undirected;1921;1
200;15;Undirected;1922;1
200;195;Undirected;1923;1
200;136;Undirected;1924;1
200;18;Undirected;1925;1
200;80;Undirected;1926;1
200;71;Undirected;1927;1
200;146;Undirected;1928;1
200;24;Undirected;1929;1
200;23;Undirected;1930;1
200;156;Undirected;1931;1
200;222;Undirected;1932;1
200;209;Undirected;1933;1
200;65;Undirected;1934;1
200;188;Undirected;1935;1
200;148;Undirected;1936;1
200;68;Undirected;1937;1
200;130;Undirected;1938;1
200;160;Undirected;1939;1
200;83;Undirected;1940;1
200;173;Undirected;1941;1
200;203;Undirected;1942;1
200;135;Undirected;1943;1
200;17;Undirected;1944;1
200;127;Undirected;1945;1
201;113;Undirected;1946;1
201;130;Undirected;1947;1
202;136;Undirected;1948;1
202;147;Undirected;1949;1
202;79;Undirected;1950;1
203;192;Undirected;1951;1
203;154;Undirected;1952;1
203;84;Undirected;1953;1
203;189;Undirected;1954;1
203;50;Undirected;1955;1
203;130;Undirected;1956;1
203;10;Undirected;1957;1
203;168;Undirected;1958;1
203;41;Undirected;1959;1
203;173;Undirected;1960;1
203;136;Undirected;1961;1
203;70;Undirected;1962;1
203;109;Undirected;1963;1
203;200;Undirected;1964;1
204;136;Undirected;1965;1
204;57;Undirected;1966;1
204;186;Undirected;1967;1
204;50;Undirected;1968;1
204;80;Undirected;1969;1
204;88;Undirected;1970;1
204;41;Undirected;1971;1
205;154;Undirected;1972;1
205;87;Undirected;1973;1
205;84;Undirected;1974;1
205;50;Undirected;1975;1
205;130;Undirected;1976;1
205;175;Undirected;1977;1
205;69;Undirected;1978;1
205;41;Undirected;1979;1
205;173;Undirected;1980;1
205;136;Undirected;1981;1
205;70;Undirected;1982;1
205;80;Undirected;1983;1
206;192;Undirected;1984;1
206;173;Undirected;1985;1
206;136;Undirected;1986;1
206;200;Undirected;1987;1
206;24;Undirected;1988;1
206;102;Undirected;1989;1
207;136;Undirected;1990;1
207;45;Undirected;1991;1
207;70;Undirected;1992;1
207;169;Undirected;1993;1
207;131;Undirected;1994;1
207;28;Undirected;1995;1
207;50;Undirected;1996;1
207;130;Undirected;1997;1
208;50;Undirected;1998;1
208;149;Undirected;1999;1
208;10;Undirected;2000;1
209;200;Undirected;2001;1
210;87;Undirected;2002;1
210;154;Undirected;2003;1
210;84;Undirected;2004;1
210;119;Undirected;2005;1
210;50;Undirected;2006;1
210;80;Undirected;2007;1
210;111;Undirected;2008;1
211;154;Undirected;2009;1
211;134;Undirected;2010;1
211;84;Undirected;2011;1
211;106;Undirected;2012;1
211;20;Undirected;2013;1
211;50;Undirected;2014;1
211;41;Undirected;2015;1
212;44;Undirected;2016;1
212;152;Undirected;2017;1
212;80;Undirected;2018;1
212;130;Undirected;2019;1
212;111;Undirected;2020;1
213;136;Undirected;2021;1
213;91;Undirected;2022;1
213;87;Undirected;2023;1
213;154;Undirected;2024;1
213;84;Undirected;2025;1
213;70;Undirected;2026;1
213;20;Undirected;2027;1
213;50;Undirected;2028;1
213;80;Undirected;2029;1
213;130;Undirected;2030;1
213;41;Undirected;2031;1
214;50;Undirected;2032;1
215;150;Undirected;2033;1
215;20;Undirected;2034;1
215;50;Undirected;2035;1
216;192;Undirected;2036;1
216;173;Undirected;2037;1
216;200;Undirected;2038;1
217;145;Undirected;2039;1
217;50;Undirected;2040;1
217;130;Undirected;2041;1
217;41;Undirected;2042;1
218;136;Undirected;2043;1
218;192;Undirected;2044;1
218;25;Undirected;2045;1
218;59;Undirected;2046;1
218;154;Undirected;2047;1
218;70;Undirected;2048;1
218;80;Undirected;2049;1
219;136;Undirected;2050;1
219;154;Undirected;2051;1
219;70;Undirected;2052;1
219;50;Undirected;2053;1
219;34;Undirected;2054;1
219;130;Undirected;2055;1
219;41;Undirected;2056;1
220;50;Undirected;2057;1
221;31;Undirected;2058;1
221;50;Undirected;2059;1
221;32;Undirected;2060;1
221;41;Undirected;2061;1
222;200;Undirected;2062;1
223;192;Undirected;2063;1
223;84;Undirected;2064;1
223;50;Undirected;2065;1
223;4;Undirected;2066;1
223;130;Undirected;2067;1
223;74;Undirected;2068;1
223;136;Undirected;2069;1
223;45;Undirected;2070;1
223;70;Undirected;2071;1
223;80;Undirected;2072;1
223;37;Undirected;2073;1
224;136;Undirected;2074;1
224;93;Undirected;2075;1
225;136;Undirected;2076;1
225;170;Undirected;2077;1
226;136;Undirected;2078;1
226;105;Undirected;2079;1
226;50;Undirected;2080;1
227;50;Undirected;2081;1
227;36;Undirected;2082;1
228;50;Undirected;2083;1
228;130;Undirected;2084;1
228;219;Undirected;2085;1
229;136;Undirected;2086;1
229;154;Undirected;2087;1
229;70;Undirected;2088;1
229;50;Undirected;2089;1
229;130;Undirected;2090;1
229;77;Undirected;2091;1
229;176;Undirected;2092;1
229;41;Undirected;2093;1
230;80;Undirected;2094;1
231;80;Undirected;2095;1
232;200;Undirected;2096;1
233;136;Undirected;2097;1
233;35;Undirected;2098;1
234;50;Undirected;2099;1
234;164;Undirected;2100;1
